metabolite,class,source,source_id,titratable,note,max_shift_hz,multiplet_shift_hz
L-Alanine,amino_acid,GISSMO,000028/1,0,,,
Glycine,amino_acid,GISSMO,000089/1,0,,,
L-Arginine,amino_acid,GISSMO,000029/1,0,,,
L-Asparagine,amino_acid,GISSMO,000030/1,1,,15.0,6.0
L-Aspartate,amino_acid,GISSMO,000031/1,1,,15.0,6.0
L-Citrulline,aa_derivative,GISSMO,000032/1,0,,,
L-Cysteine,amino_acid,GISSMO,000034/1,1,,20.0,8.0
L-Cystine,amino_acid,CASMDB,L-Cystine,1,GISSMO entry is at basic pH,60.0,15.0
L-Glutamate,amino_acid,GISSMO,000037/1,0,,,
L-Glutamine,amino_acid,GISSMO,000038/1,0,,,
L-Histidine,amino_acid,GISSMO,000039/1,1,imidazole pH-sensitive,30.0,60.0
L-Homoserine,aa_derivative,GISSMO,000040/1,0,,,
L-Isoleucine,amino_acid,GISSMO,000041/1,0,,,
L-Leucine,amino_acid,GISSMO,000042/1,0,,,
L-Lysine,amino_acid,GISSMO,000043/1,0,,,
L-Methionine,amino_acid,GISSMO,000044/1,0,,,
L-Phenylalanine,amino_acid,GISSMO,000045/1,0,,,
L-Proline,amino_acid,GISSMO,000047/1,0,,,
L-Serine,amino_acid,GISSMO,000048/1,0,,,
L-Threonine,amino_acid,GISSMO,000049/1,0,,,
L-Tryptophan,amino_acid,GISSMO,000050/1,0,,,
L-Tyrosine,amino_acid,CASMDB,L-Tyrosine,0,GISSMO entry is at basic pH,,
L-Valine,amino_acid,GISSMO,000052/1,0,,,
L-Ornithine,aa_derivative,GISSMO,000162/1,0,,,
L-Kynurenine,aa_derivative,GISSMO,000172/1,0,,,
trans-4-Hydroxy-L-proline,aa_derivative,GISSMO,000123/1,0,,,
2-Aminobutyrate,aa_derivative,GISSMO,000390/1,0,,,
L-2-Aminoadipate,aa_derivative,GISSMO,000429/1,0,,,
beta-Alanine,aa_derivative,GISSMO,000159/1,0,,,
GABA,aa_derivative,GISSMO,000340/1,0,,,
Sarcosine,aa_derivative,GISSMO,000160/1,0,,,
Dimethylglycine,aa_derivative,GISSMO,000241/1,0,,,
Betaine,osmolyte,GISSMO,000069/1,0,,,
Creatine,aa_derivative,GISSMO,000078/1,0,,,
Creatinine,aa_derivative,GISSMO,000155/1,0,,,
Guanidoacetate,aa_derivative,GISSMO,000384/1,0,,,
Taurine,aa_derivative,GISSMO,000120/1,0,,,
Hypotaurine,aa_derivative,GISSMO,000452/1,0,,,
Pyroglutamate,aa_derivative,CASMDB,Pyroglutamate,0,GISSMO entry protonated form,,
N-Acetyl-L-glutamine,aa_derivative,GISSMO,000145/1,0,,,
N-Acetylaspartate,aa_derivative,GISSMO,000423/1,0,,,
N-Acetylglycine,aa_derivative,GISSMO,000610/1,0,,,
Carnosine,dipeptide,GISSMO,000246/1,1,imidazole pH-sensitive,30.0,60.0
Anserine,dipeptide,GISSMO,000776/1,1,imidazole pH-sensitive,30.0,60.0
Glutathione_reduced,dipeptide,GISSMO,000185/1,0,GISSMO entry is the reduced form,,
L-Carnitine,aa_derivative,GISSMO,000211/1,0,,,
O-Acetylcarnitine,aa_derivative,GISSMO,000464/1,0,,,
3-Methyl-2-oxobutyrate,aa_derivative,GISSMO,000101/1,0,,,
3-Methyl-2-oxovalerate,aa_derivative,GISSMO,000319/1,0,,,
4-Methyl-2-oxovalerate,aa_derivative,GISSMO,000383/1,0,,,
2-Hydroxyisocaproate,aa_derivative,GISSMO,000338/1,0,,,
2-Hydroxyisovalerate,aa_derivative,GISSMO,000570/1,0,,,
2-Oxobutyrate,organic_acid,GISSMO,000325/1,0,,,
Kynurenate,aa_derivative,GISSMO,000410/1,0,,,
Anthranilate,aa_derivative,GISSMO,000067/1,0,,,
4-Aminobenzoate,vitamin,GISSMO,000066/1,0,,,
Urocanate,aa_derivative,GISSMO,000279/1,0,,,
Hippurate,aa_derivative,GISSMO,000408/1,0,,,
4-Hydroxyphenylpyruvate,aa_derivative,GISSMO,000262/1,0,,,
D-Glucose,sugar,GISSMO,000015/1,0,anomers weighted alpha 0.36 / beta 0.64,,
Sucrose,sugar,GISSMO,000119/1,0,,,
myo-Inositol,sugar,GISSMO,000103/1,0,,,
Glycerol,sugar,GISSMO,000184/1,0,,,
L-Lactate,glycolysis,GISSMO,000208/1,0,,,
Pyruvate,glycolysis,GISSMO,000112/1,0,,,
Citrate,tca,GISSMO,000076/1,1,pH and Mg sensitive AB,40.0,25.0
Isocitrate,tca,GISSMO,000025/1,1,,25.0,15.0
cis-Aconitate,tca,GISSMO,000705/1,1,,,
2-Oxoglutarate,tca,GISSMO,000064/1,0,,,
Succinate,tca,GISSMO,000183/1,1,,15.0,4.0
Fumarate,tca,GISSMO,000083/1,0,,,
L-Malate,tca,GISSMO,000238/1,1,,20.0,10.0
Acetate,organic_acid,GISSMO,000191/1,0,,,
Formate,organic_acid,GISSMO,000203/1,0,,,
Propionate,organic_acid,GISSMO,000179/1,0,,,
Butyrate,organic_acid,GISSMO,000402/1,0,,,
Isobutyrate,organic_acid,GISSMO,000439/1,0,,,
Isovalerate,organic_acid,GISSMO,000373/1,0,,,
2-Hydroxybutyrate,organic_acid,GISSMO,000361/1,0,,,
3-Hydroxybutyrate,organic_acid,GISSMO,000161/1,0,,,
Methylmalonate,organic_acid,GISSMO,000398/1,0,,,
Glycolate,organic_acid,GISSMO,000245/1,0,,,
Glyoxylate,organic_acid,GISSMO,000471/1,0,,,
Choline,osmolyte,GISSMO,000285/1,0,,,
Acetylcholine,osmolyte,GISSMO,000168/1,0,,,
Ethanolamine,osmolyte,GISSMO,000276/1,0,,,
Phosphoethanolamine,osmolyte,GISSMO,000308/1,1,,15.0,10.0
Trimethylamine,osmolyte,GISSMO,000224/1,0,,,
Trimethylamine-N-oxide,osmolyte,GISSMO,000426/1,0,,,
Putrescine,polyamine,GISSMO,000109/1,0,,,
Cadaverine,polyamine,GISSMO,000072/1,0,,,
Agmatine,polyamine,GISSMO,000063/1,0,,,
Ethanol,additive,GISSMO,000297/1,0,,,
Methanol,additive,GISSMO,000294/1,0,,,
"1,2-Propanediol",additive,GISSMO,000302/1,0,,,
Acetonitrile,additive,GISSMO,000826/1,0,,,
HEPES,additive,GISSMO,000202/1,0,,,
Adenine,nucleo,GISSMO,000060/1,0,,,
Adenosine,nucleo,GISSMO,000061/1,0,,,
AMP,nucleo,GISSMO,000005/1,0,,,
ATP,nucleo,GISSMO,000006/1,0,,,
Cytidine,nucleo,GISSMO,000190/1,0,,,
Cytosine,nucleo,GISSMO,000180/1,0,,,
Guanine,nucleo,GISSMO,000090/1,0,,,
Guanosine,nucleo,GISSMO,000091/1,0,,,
Hypoxanthine,nucleo,GISSMO,000094/1,0,,,
Inosine,nucleo,GISSMO,000098/1,0,,,
Thymidine,nucleo,GISSMO,000244/1,0,,,
UMP,nucleo,GISSMO,000280/1,0,,,
Uracil,nucleo,GISSMO,000187/1,0,,,
Uridine,nucleo,GISSMO,000158/1,0,,,
Xanthine,nucleo,GISSMO,000127/1,0,,,
Orotate,nucleo,GISSMO,000283/1,0,,,
Allantoin,nucleo,GISSMO,000437/1,0,,,
Nicotinamide,vitamin,GISSMO,000281/1,0,,,
Nicotinate,vitamin,GISSMO,000104/1,0,,,
1-Methylnicotinamide,vitamin,GISSMO,000639/1,0,,,
Trigonelline,vitamin,GISSMO,000152/1,0,,,
Pantothenate,vitamin,GISSMO,000287/1,0,,,
Pyridoxine,vitamin,GISSMO,000288/1,0,,,
Pyridoxal,vitamin,GISSMO,000110/1,0,,,
Thiamine,vitamin,GISSMO,000274/1,0,,,
Biotin,vitamin,GISSMO,000227/1,0,,,
Folate,vitamin,GISSMO,000299/1,0,,,
Ascorbate,vitamin,GISSMO,000182/1,0,,,
D-Fructose,sugar,CASMDB,D-Fructose,0,,,
D-Galactose,sugar,CASMDB,D-Galactose,0,,,
D-Mannose,sugar,CASMDB,D-Mannose,0,,,
D-Mannitol,sugar,CASMDB,D-Mannitol,0,,,
D-Ribose,sugar,CASMDB,D-Ribose,0,,,
Glucose-6-phosphate,sugar,CASMDB,Glucose-6-phosphate,0,,,
N-Acetyl-D-glucosamine,sugar,CASMDB,N-Acetyl-D-glucosamine,0,,,
N-Acetylneuraminate,sugar,CASMDB,N-Acetylneuraminate,0,,,
Glycerophosphocholine,osmolyte,CASMDB,Glycerophosphocholine,0,,,
Phosphocholine,osmolyte,CASMDB,Phosphocholine,0,,,
Dimethylsulfone,osmolyte,CASMDB,Dimethylsulfone,0,,,
Acetoacetate,organic_acid,CASMDB,Acetoacetate,0,,,
Acetone,organic_acid,CASMDB,Acetone,0,,,
Oxaloacetate,tca,CASMDB,Oxaloacetate,0,,,
2-Propanol,additive,CASMDB,2-Propanol,0,,,
Dimethyl_sulfoxide,additive,CASMDB,Dimethyl_sulfoxide,0,,,
ADP,nucleo,CASMDB,ADP,0,,,
NAD+,nucleo,CASMDB,NAD+,0,,,
Thymine,nucleo,CASMDB,Thymine,0,,,
Spermidine,polyamine,CASMDB,Spermidine,0,,,
Spermine,polyamine,CASMDB,Spermine,0,,,
L-Methionine_sulfoxide,aa_derivative,CASMDB,L-Methionine_sulfoxide,0,,,
Riboflavin,vitamin,CASMDB,Riboflavin,0,,,
Glutathione_oxidized,dipeptide,GISSMO,000906/1,0,"GSSG; alpha-CH at 4.75 sits in the water exclusion, quantified from 2.96/3.30 and 2.14/2.55",,
