metabolite,ppm,height,cluster
2-Propanol,1.17005,3.9956,1
2-Propanol,1.17755,4.0,1
2-Propanol,4.00078,0.0159,2
2-Propanol,4.00891,0.0923,2
2-Propanol,4.01641,0.2276,2
2-Propanol,4.02391,0.3009,2
2-Propanol,4.03203,0.2243,2
2-Propanol,4.03953,0.0906,2
2-Propanol,4.04766,0.0167,2
ADP,4.00643,0.19,1
ADP,4.01068,0.27,1
ADP,4.01593,0.19,1
ADP,4.19865,0.06,2
ADP,4.20272,0.08,2
ADP,4.20753,0.07,2
ADP,4.21334,0.12,2
ADP,4.21734,0.17,2
ADP,4.22234,0.12,2
ADP,4.2414,0.11,2
ADP,4.24472,0.12,2
ADP,4.24934,0.11,2
ADP,4.2529,0.12,2
ADP,4.2594,0.06,2
ADP,4.26415,0.06,2
ADP,4.2674,0.06,2
ADP,4.37984,0.21,3
ADP,4.38259,0.22,3
ADP,4.5089,0.1,4
ADP,4.51521,0.12,4
ADP,4.5194,0.09,4
ADP,4.62084,0.15,5
ADP,4.62665,0.26,5
ADP,4.6324,0.16,5
ADP,4.76183,0.06,6
ADP,4.76809,0.1,6
ADP,4.77484,0.04,6
ADP,6.14377,0.21,7
ADP,6.14896,0.43,7
ADP,6.15552,0.39,7
ADP,8.267,0.74,8
ADP,8.5482,0.63,9
ADP,8.6221,0.41,10
Acetoacetate,2.27897,0.2532331584,1
Acetoacetate,3.44374,0.1311991721,2
Acetone,2.2318,1.0,1
D-Fructose,3.56624,0.1743,1
D-Fructose,3.57523,0.8352,1
D-Fructose,3.58122,0.4143,1
D-Fructose,3.58947,1.0476,1
D-Fructose,3.59996,0.3674,1
D-Fructose,3.61569,0.1383,1
D-Fructose,3.68433,0.1597,2
D-Fructose,3.68658,0.1769,2
D-Fructose,3.68957,0.1514,2
D-Fructose,3.69707,0.156,2
D-Fructose,3.70456,0.2064,2
D-Fructose,3.70756,0.143,2
D-Fructose,3.7128,0.6521,2
D-Fructose,3.71505,0.5927,2
D-Fructose,3.72104,1.0688,2
D-Fructose,3.72854,0.5986,2
D-Fructose,3.73078,0.6113,2
D-Fructose,3.73603,0.816,2
D-Fructose,3.81103,0.8707,3
D-Fructose,3.81628,0.2571,3
D-Fructose,3.82377,1.1284,3
D-Fructose,3.83051,0.3059,3
D-Fructose,3.83351,0.153,3
D-Fructose,3.83876,0.1314,3
D-Fructose,3.84175,0.1521,3
D-Fructose,3.8455,0.1351,3
D-Fructose,3.84999,0.0588,3
D-Fructose,3.90617,0.5856,4
D-Fructose,3.90992,0.6228,4
D-Fructose,3.91816,0.3989,4
D-Fructose,3.92265,0.4544,4
D-Fructose,4.01775,0.6348,5
D-Fructose,4.01999,0.7055,5
D-Fructose,4.02149,0.6252,5
D-Fructose,4.02973,0.7158,5
D-Fructose,4.03048,0.6003,5
D-Fructose,4.04547,0.5797,5
D-Fructose,4.04697,0.5339,5
D-Fructose,4.11712,0.0208,6
D-Fructose,4.12761,0.4777,6
D-Fructose,4.13211,0.5481,6
D-Fructose,4.14335,0.022,6
D-Galactose,3.48127,0.53,1
D-Galactose,3.49121,0.61,1
D-Galactose,3.49364,0.72,1
D-Galactose,3.50358,0.7,1
D-Galactose,3.67497,0.79,2
D-Galactose,3.67928,0.82,2
D-Galactose,3.6874,0.62,2
D-Galactose,3.69178,0.63,2
D-Galactose,3.71384,0.34,2
D-Galactose,3.71909,0.42,2
D-Galactose,3.7239,0.54,2
D-Galactose,3.72853,1.24,2
D-Galactose,3.73197,0.68,2
D-Galactose,3.73797,0.87,2
D-Galactose,3.74484,1.34,2
D-Galactose,3.74903,1.74,2
D-Galactose,3.75872,0.72,2
D-Galactose,3.76309,0.26,2
D-Galactose,3.76997,0.24,2
D-Galactose,3.77459,0.26,2
D-Galactose,3.78284,0.48,2
D-Galactose,3.78759,0.52,2
D-Galactose,3.8034,0.47,2
D-Galactose,3.80747,0.47,2
D-Galactose,3.81634,0.18,2
D-Galactose,3.82034,0.23,2
D-Galactose,3.92534,1.01,3
D-Galactose,3.92959,0.95,3
D-Galactose,3.98191,0.46,4
D-Galactose,3.98547,0.41,4
D-Galactose,4.08385,0.21,5
D-Galactose,4.0916,0.3,5
D-Galactose,4.09954,0.19,5
D-Galactose,4.5805,1.39,6
D-Galactose,4.59037,1.33,6
D-Galactose,5.26188,0.54,7
D-Galactose,5.26657,0.52,7
D-Mannitol,3.66218,4.51,1
D-Mannitol,3.66918,6.107,1
D-Mannitol,3.67668,5.695,1
D-Mannitol,3.68368,8.394,1
D-Mannitol,3.75327,2.815,2
D-Mannitol,3.75577,2.778,2
D-Mannitol,3.76377,6.106,2
D-Mannitol,3.76677,6.124,2
D-Mannitol,3.77127,4.665,2
D-Mannitol,3.77427,5.706,2
D-Mannitol,3.78027,17.261,2
D-Mannitol,3.79127,6.09,2
D-Mannitol,3.85614,8.45,3
D-Mannitol,3.85864,7.754,3
D-Mannitol,3.87014,6.299,3
D-Mannitol,3.87364,5.681,3
D-Mannose,3.37424,0.47,1
D-Mannose,3.37693,0.54,1
D-Mannose,3.38205,0.6,1
D-Mannose,3.38612,0.78,1
D-Mannose,3.38912,0.68,1
D-Mannose,3.3943,0.68,1
D-Mannose,3.39699,0.64,1
D-Mannose,3.56124,0.65,2
D-Mannose,3.57343,1.47,2
D-Mannose,3.58555,0.87,2
D-Mannose,3.6377,1.22,3
D-Mannose,3.646,1.41,3
D-Mannose,3.6527,1.68,3
D-Mannose,3.6572,3.12,3
D-Mannose,3.6654,0.98,3
D-Mannose,3.672,1.16,3
D-Mannose,3.6766,2.04,3
D-Mannose,3.7134,0.94,3
D-Mannose,3.726,0.87,3
D-Mannose,3.7378,1.29,3
D-Mannose,3.7429,1.51,3
D-Mannose,3.7506,1.36,3
D-Mannose,3.7546,2.06,3
D-Mannose,3.7666,1.89,3
D-Mannose,3.7784,2.98,3
D-Mannose,3.8043,1.43,3
D-Mannose,3.8079,1.41,3
D-Mannose,3.8165,0.78,3
D-Mannose,3.8202,1.14,3
D-Mannose,3.8235,1.17,3
D-Mannose,3.828,1.18,3
D-Mannose,3.8344,2.44,3
D-Mannose,3.8408,2.91,3
D-Mannose,3.8536,1.66,3
D-Mannose,3.8623,3.57,3
D-Mannose,3.8667,2.54,3
D-Mannose,3.8864,1.94,3
D-Mannose,3.8905,1.94,3
D-Mannose,3.8937,1.59,3
D-Mannose,3.8984,1.32,3
D-Mannose,3.9185,1.01,3
D-Mannose,3.9229,1.04,3
D-Mannose,3.9294,2.51,3
D-Mannose,3.9329,2.76,3
D-Mannose,3.9359,2.61,3
D-Mannose,3.9401,3.03,3
D-Mannose,3.9491,1.54,3
D-Mannose,5.18151,2.84,4
D-Mannose,5.1832,2.88,4
D-Ribose,2.2218,1.0,1
Dimethylsulfone,3.14975,50.89437947,1
Glucose-6-phosphate,3.27118,0.4009,1
Glucose-6-phosphate,3.28106,0.4901,1
Glucose-6-phosphate,3.28269,0.527,1
Glucose-6-phosphate,3.29269,0.4776,1
Glucose-6-phosphate,3.501,0.4162,2
Glucose-6-phosphate,3.509,0.1257,2
Glucose-6-phosphate,3.51263,0.9626,2
Glucose-6-phosphate,3.51688,0.1367,2
Glucose-6-phosphate,3.521,0.199,2
Glucose-6-phosphate,3.52426,0.754,2
Glucose-6-phosphate,3.52888,0.2063,2
Glucose-6-phosphate,3.55502,0.7093,2
Glucose-6-phosphate,3.5584,0.2935,2
Glucose-6-phosphate,3.5614,0.2647,2
Glucose-6-phosphate,3.56327,0.3184,2
Glucose-6-phosphate,3.56665,0.5715,2
Glucose-6-phosphate,3.57065,0.3763,2
Glucose-6-phosphate,3.5734,0.4637,2
Glucose-6-phosphate,3.5754,0.3941,2
Glucose-6-phosphate,3.57853,0.2927,2
Glucose-6-phosphate,3.58553,0.3025,2
Glucose-6-phosphate,3.71234,0.3069,3
Glucose-6-phosphate,3.72423,0.4413,3
Glucose-6-phosphate,3.73623,0.199,3
Glucose-6-phosphate,3.88845,0.1089,4
Glucose-6-phosphate,3.89095,0.099,4
Glucose-6-phosphate,3.89958,0.0953,4
Glucose-6-phosphate,3.91622,0.0986,4
Glucose-6-phosphate,3.91884,0.0839,4
Glucose-6-phosphate,3.92247,0.0978,4
Glucose-6-phosphate,3.92509,0.0851,4
Glucose-6-phosphate,3.9311,0.1337,4
Glucose-6-phosphate,3.93372,0.1158,4
Glucose-6-phosphate,3.93748,0.1323,4
Glucose-6-phosphate,3.93998,0.1101,4
Glucose-6-phosphate,3.99699,0.4562,5
Glucose-6-phosphate,4.00087,0.5912,5
Glucose-6-phosphate,4.00462,0.5732,5
Glucose-6-phosphate,4.00862,0.5906,5
Glucose-6-phosphate,4.02426,0.1185,5
Glucose-6-phosphate,4.02926,0.1158,5
Glucose-6-phosphate,4.03288,0.1221,5
Glucose-6-phosphate,4.03801,0.1353,5
Glucose-6-phosphate,4.04414,0.0808,5
Glucose-6-phosphate,4.04764,0.0894,5
Glucose-6-phosphate,4.05277,0.0777,5
Glucose-6-phosphate,4.64292,0.7257,6
Glucose-6-phosphate,4.65293,0.7267,6
Glucose-6-phosphate,5.2293,0.4271,7
Glucose-6-phosphate,5.23405,0.41,7
Glycerophosphocholine,3.24316,0.2388058292,1
Glycerophosphocholine,3.64126,0.005703645601,2
Glycerophosphocholine,3.64745,0.005779394279,2
Glycerophosphocholine,3.65341,0.01002149486,2
Glycerophosphocholine,3.65982,0.01028984738,2
Glycerophosphocholine,3.68411,0.01777181985,2
Glycerophosphocholine,3.68892,0.01953126542,2
Glycerophosphocholine,3.69235,0.01227911758,2
Glycerophosphocholine,3.69648,0.006089734198,2
Glycerophosphocholine,3.70106,0.006255014022,2
Glycerophosphocholine,3.8962,0.002426233359,3
Glycerophosphocholine,3.90215,0.0055772662,3
Glycerophosphocholine,3.90673,0.004276846558,3
Glycerophosphocholine,3.90834,0.00499290825,3
Glycerophosphocholine,3.91246,0.007782868753,3
Glycerophosphocholine,3.91888,0.007055459165,3
Glycerophosphocholine,3.923,0.002657511707,3
Glycerophosphocholine,3.92667,0.0040332257,3
Glycerophosphocholine,3.92781,0.004047983791,3
Glycerophosphocholine,3.93262,0.005801048917,3
Glycerophosphocholine,3.93766,0.005021287954,3
Glycerophosphocholine,3.94431,0.007179341867,3
Glycerophosphocholine,3.9482,0.003463719136,3
Glycerophosphocholine,3.95049,0.006450788015,3
Glycerophosphocholine,3.95462,0.005928839383,3
Glycerophosphocholine,3.95874,0.003224451009,3
Glycerophosphocholine,3.9608,0.004162568703,3
Glycerophosphocholine,3.96447,0.002736382023,3
Glycerophosphocholine,4.33063,0.002193143567,4
Glycerophosphocholine,4.33315,0.003962565424,4
Glycerophosphocholine,4.33636,0.006455512411,4
Glycerophosphocholine,4.34003,0.008621837201,4
Glycerophosphocholine,4.34255,0.008761472152,4
Glycerophosphocholine,4.34644,0.006456859637,4
Glycerophosphocholine,4.34942,0.004053527033,4
Glycerophosphocholine,4.35217,0.002248025038,4
L-Cystine,3.04102,0.8,1
L-Cystine,3.05096,0.85,1
L-Cystine,3.05896,1.06,1
L-Cystine,3.06896,1.08,1
L-Cystine,3.24811,1.08,2
L-Cystine,3.25329,1.14,2
L-Cystine,3.26604,0.86,2
L-Cystine,3.27129,0.87,2
L-Cystine,3.85999,0.76,3
L-Cystine,3.86524,0.85,3
L-Cystine,3.86986,0.83,3
L-Cystine,3.87511,0.73,3
L-Methionine_sulfoxide,2.30118,0.0342,1
L-Methionine_sulfoxide,2.30756,0.0748,1
L-Methionine_sulfoxide,2.30868,0.076,1
L-Methionine_sulfoxide,2.31743,0.1522,1
L-Methionine_sulfoxide,2.32143,0.1096,1
L-Methionine_sulfoxide,2.32543,0.1637,1
L-Methionine_sulfoxide,2.33493,0.0871,1
L-Methionine_sulfoxide,2.34356,0.025,1
L-Methionine_sulfoxide,2.75175,1.0,2
L-Methionine_sulfoxide,2.95612,0.0294,3
L-Methionine_sulfoxide,2.9645,0.0324,3
L-Methionine_sulfoxide,2.9675,0.0352,3
L-Methionine_sulfoxide,2.973,0.0409,3
L-Methionine_sulfoxide,2.97587,0.0382,3
L-Methionine_sulfoxide,2.98062,0.0404,3
L-Methionine_sulfoxide,2.98512,0.0424,3
L-Methionine_sulfoxide,2.99287,0.0367,3
L-Methionine_sulfoxide,2.99562,0.0321,3
L-Methionine_sulfoxide,3.00537,0.0374,3
L-Methionine_sulfoxide,3.01275,0.0522,3
L-Methionine_sulfoxide,3.02237,0.0768,3
L-Methionine_sulfoxide,3.02925,0.0588,3
L-Methionine_sulfoxide,3.03187,0.0596,3
L-Methionine_sulfoxide,3.03937,0.0703,3
L-Methionine_sulfoxide,3.046,0.0395,3
L-Methionine_sulfoxide,3.0495,0.0518,3
L-Methionine_sulfoxide,3.05625,0.0404,3
L-Methionine_sulfoxide,3.0665,0.0239,3
L-Methionine_sulfoxide,3.07412,0.0331,3
L-Methionine_sulfoxide,3.08212,0.0344,3
L-Methionine_sulfoxide,3.08662,0.0358,3
L-Methionine_sulfoxide,3.09087,0.0331,3
L-Methionine_sulfoxide,3.09475,0.0358,3
L-Methionine_sulfoxide,3.09962,0.0328,3
L-Methionine_sulfoxide,3.10275,0.0319,3
L-Methionine_sulfoxide,3.11162,0.0263,3
L-Methionine_sulfoxide,3.87076,0.033,4
L-Methionine_sulfoxide,3.87876,0.0693,4
L-Methionine_sulfoxide,3.88351,0.0547,4
L-Methionine_sulfoxide,3.88651,0.0536,4
L-Methionine_sulfoxide,3.89139,0.0895,4
L-Methionine_sulfoxide,3.89926,0.0509,4
L-Tyrosine,3.04478,0.07,1
L-Tyrosine,3.05447,0.07,1
L-Tyrosine,3.06309,0.1,1
L-Tyrosine,3.07284,0.1,1
L-Tyrosine,3.18889,0.09,2
L-Tyrosine,3.19527,0.1,2
L-Tyrosine,3.20727,0.07,2
L-Tyrosine,3.21364,0.06,2
L-Tyrosine,3.93154,0.08,3
L-Tyrosine,3.93797,0.09,3
L-Tyrosine,3.94122,0.09,3
L-Tyrosine,3.94766,0.08,3
L-Tyrosine,6.89461,0.2,4
L-Tyrosine,6.90523,0.23,4
L-Tyrosine,7.18884,0.26,5
L-Tyrosine,7.1994,0.24,5
N-Acetyl-D-glucosamine,2.0508,24.474,1
N-Acetyl-D-glucosamine,3.46795,1.611,2
N-Acetyl-D-glucosamine,3.47495,3.781,2
N-Acetyl-D-glucosamine,3.48695,2.482,2
N-Acetyl-D-glucosamine,3.49895,1.797,2
N-Acetyl-D-glucosamine,3.51345,0.924,2
N-Acetyl-D-glucosamine,3.52445,0.546,2
N-Acetyl-D-glucosamine,3.73385,0.955,3
N-Acetyl-D-glucosamine,3.74485,1.214,3
N-Acetyl-D-glucosamine,3.75735,0.701,3
N-Acetyl-D-glucosamine,3.76935,0.651,3
N-Acetyl-D-glucosamine,3.77785,1.428,3
N-Acetyl-D-glucosamine,3.79085,3.043,3
N-Acetyl-D-glucosamine,3.79535,1.098,3
N-Acetyl-D-glucosamine,3.80235,2.35,3
N-Acetyl-D-glucosamine,3.81085,2.104,3
N-Acetyl-D-glucosamine,3.82535,3.659,3
N-Acetyl-D-glucosamine,3.83585,2.56,3
N-Acetyl-D-glucosamine,3.83985,3.648,3
N-Acetyl-D-glucosamine,3.84935,1.529,3
N-Acetyl-D-glucosamine,3.85335,2.486,3
N-Acetyl-D-glucosamine,3.86885,1.083,3
N-Acetyl-D-glucosamine,4.70999,2.14,4
N-Acetyl-D-glucosamine,4.72049,2.093,4
N-Acetyl-D-glucosamine,5.19977,2.803,5
N-Acetyl-D-glucosamine,5.20377,2.71,5
N-Acetylneuraminate,1.80784,0.34,1
N-Acetylneuraminate,1.82334,0.653,1
N-Acetylneuraminate,1.83834,0.402,1
N-Acetylneuraminate,2.0528,4.955,2
N-Acetylneuraminate,2.204,0.443,3
N-Acetylneuraminate,2.2095,0.474,3
N-Acetylneuraminate,2.22,0.405,3
N-Acetylneuraminate,2.226,0.373,3
N-Acetylneuraminate,3.53213,0.704,4
N-Acetylneuraminate,3.54363,0.871,4
N-Acetylneuraminate,3.55763,0.084,4
N-Acetylneuraminate,3.57613,0.37,4
N-Acetylneuraminate,3.58463,0.473,4
N-Acetylneuraminate,3.59113,0.467,4
N-Acetylneuraminate,3.59913,0.539,4
N-Acetylneuraminate,3.75065,0.359,5
N-Acetylneuraminate,3.75965,0.519,5
N-Acetylneuraminate,3.77065,0.278,5
N-Acetylneuraminate,3.88616,0.659,6
N-Acetylneuraminate,3.90016,0.528,6
N-Acetylneuraminate,3.91516,0.262,6
N-Acetylneuraminate,3.92816,0.664,6
N-Acetylneuraminate,3.94066,0.665,6
N-Acetylneuraminate,3.95866,1.124,6
N-Acetylneuraminate,3.97116,0.711,6
N-Acetylneuraminate,3.98266,0.407,6
N-Acetylneuraminate,3.98866,0.4,6
N-Acetylneuraminate,3.99566,0.199,6
N-Acetylneuraminate,4.00166,0.186,6
NAD+,4.21876,8.56,1
NAD+,4.22926,17.51,1
NAD+,4.23451,23.53,1
NAD+,4.24726,22.52,1
NAD+,4.25626,18.65,1
NAD+,4.37468,9.23,2
NAD+,4.37693,10.11,2
NAD+,4.37993,9.99,2
NAD+,4.39193,25.88,2
NAD+,4.40993,5.36,2
NAD+,4.43318,13.07,2
NAD+,4.43618,16.44,2
NAD+,4.43918,18.66,2
NAD+,4.44293,17.34,2
NAD+,4.50167,14.23,3
NAD+,4.50842,19.62,3
NAD+,4.51142,18.67,3
NAD+,4.51517,17.26,3
NAD+,4.51817,19.73,3
NAD+,4.52342,13.87,3
NAD+,4.53317,1.85,3
NAD+,4.53467,2.44,3
NAD+,4.54442,6.63,3
NAD+,4.54667,8.4,3
NAD+,4.54967,6.07,3
NAD+,6.03507,41.83,4
NAD+,6.04257,43.16,4
NAD+,6.09939,33.74,5
NAD+,6.10614,34.19,5
NAD+,6.12414,15.04,5
NAD+,6.13164,13.59,5
NAD+,8.1538,99.35,6
NAD+,8.20677,19.2,7
NAD+,8.21502,25.62,7
NAD+,8.21652,27.63,7
NAD+,8.22402,20.62,7
NAD+,8.23302,18.9,7
NAD+,8.4178,100.0,8
NAD+,8.4918,25.78,9
NAD+,8.84639,29.46,10
NAD+,8.85614,28.26,10
NAD+,9.15917,29.86,11
NAD+,9.16742,29.47,11
NAD+,9.3438,59.64,12
Oxaloacetate,2.3888,1.0,1
Phosphocholine,3.21998,30.0,1
Phosphocholine,3.59156,1.512252331,2
Phosphocholine,3.59486,1.006275296,2
Phosphocholine,3.59747,1.613899827,2
Phosphocholine,3.60022,1.051973939,2
Phosphocholine,3.60345,1.701566219,2
Phosphocholine,4.16088,0.3051108718,3
Phosphocholine,4.16431,0.5077790618,3
Phosphocholine,4.16768,0.9637741446,3
Phosphocholine,4.17119,0.9721271992,3
Phosphocholine,4.17401,1.116765976,3
Phosphocholine,4.17662,1.015496969,3
Phosphocholine,4.18006,1.019233823,3
Pyroglutamate,2.0154,0.1138184548,1
Pyroglutamate,2.02172,0.1190696565,1
Pyroglutamate,2.02364,0.1318774748,1
Pyroglutamate,2.02473,0.1437063557,1
Pyroglutamate,2.02926,0.1754866812,1
Pyroglutamate,2.03104,0.1471007646,1
Pyroglutamate,2.03297,0.1355122558,1
Pyroglutamate,2.03557,0.1369185129,1
Pyroglutamate,2.03694,0.141498325,1
Pyroglutamate,2.03914,0.2438364821,1
Pyroglutamate,2.04326,0.1296680783,1
Pyroglutamate,2.04545,0.1482704151,1
Pyroglutamate,2.04682,0.1347373302,1
Pyroglutamate,2.05313,0.1307523601,1
Pyroglutamate,2.06219,0.04991315197,1
Pyroglutamate,2.37464,0.02689025608,2
Pyroglutamate,2.38247,0.04066832714,2
Pyroglutamate,2.38425,0.02178834752,2
Pyroglutamate,2.39317,0.4195064372,2
Pyroglutamate,2.3955,0.4114532257,2
Pyroglutamate,2.40099,0.4066548315,2
Pyroglutamate,2.40291,1.002978192,2
Pyroglutamate,2.40538,0.3693755663,2
Pyroglutamate,2.411,0.5180319109,2
Pyroglutamate,2.41224,0.4561484794,2
Pyroglutamate,2.42157,0.01081362284,2
Pyroglutamate,2.4239,0.03615716521,2
Pyroglutamate,2.4309,0.02179479666,2
Pyroglutamate,2.5014,0.1725431235,3
Pyroglutamate,2.50441,0.2292146949,3
Pyroglutamate,2.5073,0.1447819313,3
Pyroglutamate,2.5088,0.1579785722,3
Pyroglutamate,2.51114,0.2675581313,3
Pyroglutamate,2.51429,0.1139000481,3
Pyroglutamate,2.51855,0.2447392176,3
Pyroglutamate,2.52074,0.119607922,3
Pyroglutamate,2.52815,0.1036740877,3
Riboflavin,2.24578,0.9854,1
Riboflavin,2.35001,1.0,2
Riboflavin,3.72969,0.0928,3
Riboflavin,3.73807,0.108,3
Riboflavin,3.74457,0.1203,3
Riboflavin,3.75307,0.128,3
Riboflavin,3.86597,0.1098,4
Riboflavin,3.87248,0.1331,4
Riboflavin,3.87498,0.1589,4
Riboflavin,3.88135,0.145,4
Riboflavin,3.89698,0.1213,4
Riboflavin,3.90036,0.1552,4
Riboflavin,3.91186,0.0954,4
Riboflavin,3.91536,0.1116,4
Riboflavin,3.93975,0.0786,4
Riboflavin,3.94325,0.0803,4
Riboflavin,3.9485,0.1276,4
Riboflavin,3.95188,0.1208,4
Riboflavin,3.957,0.0659,4
Riboflavin,3.96051,0.0553,4
Riboflavin,4.25276,0.0491,5
Riboflavin,4.25601,0.0605,5
Riboflavin,4.25888,0.0634,5
Riboflavin,4.26313,0.0876,5
Riboflavin,4.26676,0.0708,5
Riboflavin,4.26976,0.0661,5
Riboflavin,4.27301,0.0564,5
Riboflavin,4.49027,0.0311,6
Riboflavin,4.4909,0.0313,6
Riboflavin,4.49177,0.0321,6
Riboflavin,4.50853,0.0392,6
Riboflavin,7.37888,0.46,7
Riboflavin,7.39951,0.3701,7
Spermidine,1.76698,2.12,1
Spermidine,1.77118,2.35,1
Spermidine,1.77396,2.64,1
Spermidine,1.77853,4.15,1
Spermidine,1.77996,4.15,1
Spermidine,1.78348,3.8,1
Spermidine,1.78948,6.73,1
Spermidine,1.79263,6.83,1
Spermidine,1.79541,6.5,1
Spermidine,1.80051,4.2,1
Spermidine,1.80546,3.63,1
Spermidine,1.80756,3.58,1
Spermidine,1.81851,1.89,1
Spermidine,2.10451,2.0,2
Spermidine,2.11426,4.18,2
Spermidine,2.11666,2.79,2
Spermidine,2.12078,2.94,2
Spermidine,2.12408,7.91,2
Spermidine,2.12753,2.91,2
Spermidine,2.13383,4.49,2
Spermidine,2.13616,2.62,2
Spermidine,2.14366,2.17,2
Spermidine,3.05485,6.87,3
Spermidine,3.06355,10.9,3
Spermidine,3.07285,7.9,3
Spermidine,3.0961,8.69,3
Spermidine,3.09827,11.57,3
Spermidine,3.10787,15.0,3
Spermidine,3.11447,6.94,3
Spermidine,3.11777,9.59,3
Spermidine,3.12775,8.69,3
Spermidine,3.13765,8.6,3
Spermidine,3.14747,8.24,3
Spermine,1.6118,5.402,1
Spermine,1.77945,1.198,2
Spermine,1.78895,3.241,2
Spermine,1.79795,4.78,2
Spermine,1.80745,3.329,2
Spermine,1.81645,1.18,2
Spermine,2.79147,2.851,3
Spermine,2.79897,5.383,3
Spermine,2.80747,6.816,3
Spermine,2.81747,10.849,3
Spermine,2.82647,11.591,3
Spermine,2.83547,4.53,3
Thymine,1.87725,1.0,1
Thymine,7.37996,0.249,2
