metabolite,casmdb_name,origin,field,n_protons
2-Propanol,isopropyl_alcohol,HMDB,500.0,7
ADP,adp,BMRB,500.0,8
Acetoacetate,acetoacetic_acid,HMDB,500.0,5
Acetone,acetone,HMDB,500.0,6
D-Fructose,d-fructose,HMDB,599.4065897,7
D-Galactose,d-galactose,BMRB,500.0,7
D-Mannitol,mannitol,BMRB,400.0,8
D-Mannose,d-mannose,BMRB,500.0,7
D-Ribose,d-ribose,HMDB,500.0,6
Dimethylsulfone,dimethyl_sulfone,HMDB,500.0,6
Glucose-6-phosphate,glucose_6-phosphate,HMDB,600.0,7
Glycerophosphocholine,glycerophosphocholine,HMDB,500.0,18
L-Cystine,l-cystine,BMRB,500.0,6
L-Methionine_sulfoxide,methionine_sulfoxide,HMDB,499.8263033,8
L-Tyrosine,l-tyrosine,BMRB,500.0,7
N-Acetyl-D-glucosamine,beta-n-acetylglucosamine,BMRB,400.0,10
N-Acetylneuraminate,n-acetylneuraminic_acid,BMRB,400.0,12
NAD+,nad,HMDB,600.0,18
Oxaloacetate,oxalacetic_acid,HMDB,500.0,2
Phosphocholine,phosphorylcholine,HMDB,600.0,13
Pyroglutamate,pyroglutamic_acid,HMDB,600.0,5
Riboflavin,riboflavin,HMDB,500.0,15
Spermidine,spermidine,BMRB,600.0,14
Spermine,spermine,BMRB,400.0,20
Thymine,thymine,HMDB,500.0,4
